file,status,date,time,executionTime
AscenzSolutionsPteLtd.js,Success,2023-01-24,17:46:06,0s 292.0964ms
AsianTourTPD.js,Success,2023-01-24,17:51:06,0s 3.1036ms
AssisiHospice.js,Success,2023-01-24,17:56:06,0s 1.3842ms
BilgentShippingPteLtd.js,Success,2023-01-24,18:01:06,0s 1.6711ms
CarbonSolutionsPlatformPteLtd.js,Success,2023-01-24,18:06:06,0s 1.2206ms
CliffordCapitalHoldingsPteLtd.js,Success,2023-01-24,18:11:06,0s 1.5863ms
ClimateImpactX.js,Success,2023-01-24,18:16:06,0s 1.4853ms
DCTMonitoring.js,Success,2023-01-24,18:21:06,0s 1.5083ms
DCWestInfrastructure.js,Success,2023-01-24,18:26:06,0s 1.7295ms
InternalInfrastructure.js,Success,2023-01-24,18:31:06,0s 1.428ms
IvanhoeCapital.js,Success,2023-01-24,18:36:06,0s 173.8181ms
KCKCorpServe.js,Success,2023-01-24,18:41:06,0s 1.6912ms
KMCTCorporation.js,Success,2023-01-24,18:46:06,0s 1.6351ms
